instance,severity,method,cpu_mean,cpu_sd,episodes
j10c5a2,A070,CostMinimising,424.67,106.83,50
j10c5a2,A070,HBQ,236.12,37.67,50
j10c5a2,A070,LeastUtilised,237.14,42.81,50
j10c5a2,A070,Random,227.15,29.98,50
j10c5a2,A070,RoundRobin,230.68,38.06,50
j10c5a2,A070,ShortestQueue,237.54,41.04,50
j10c5a2,A070,VanillaTS,228.61,38.2,50
j10c5a2,A090,CostMinimising,257.67,23.32,50
j10c5a2,A090,HBQ,167.32,21.9,50
j10c5a2,A090,LeastUtilised,170.01,22.51,50
j10c5a2,A090,Random,166.12,19.08,50
j10c5a2,A090,RoundRobin,169.46,20.65,50
j10c5a2,A090,ShortestQueue,171.19,23.6,50
j10c5a2,A090,VanillaTS,169.61,18.78,50
j10c5a2,stationary,CostMinimising,215.35,18.05,50
j10c5a2,stationary,HBQ,150.0,16.14,50
j10c5a2,stationary,LeastUtilised,150.7,11.82,50
j10c5a2,stationary,Random,153.29,17.68,50
j10c5a2,stationary,RoundRobin,152.59,15.92,50
j10c5a2,stationary,ShortestQueue,149.9,11.89,50
j10c5a2,stationary,VanillaTS,153.26,19.83,50
j10c5b1,A070,CostMinimising,426.93,129.45,50
j10c5b1,A070,HBQ,268.95,65.59,50
j10c5b1,A070,LeastUtilised,278.73,51.49,50
j10c5b1,A070,Random,267.5,50.53,50
j10c5b1,A070,RoundRobin,265.25,53.94,50
j10c5b1,A070,ShortestQueue,278.73,51.49,50
j10c5b1,A070,VanillaTS,278.45,55.71,50
j10c5b1,A090,CostMinimising,256.57,30.08,50
j10c5b1,A090,HBQ,194.66,26.57,50
j10c5b1,A090,LeastUtilised,195.12,22.94,50
j10c5b1,A090,Random,197.07,23.66,50
j10c5b1,A090,RoundRobin,194.85,27.92,50
j10c5b1,A090,ShortestQueue,195.12,22.94,50
j10c5b1,A090,VanillaTS,197.92,25.58,50
j10c5b1,stationary,CostMinimising,213.77,24.36,50
j10c5b1,stationary,HBQ,178.53,23.75,50
j10c5b1,stationary,LeastUtilised,180.72,21.03,50
j10c5b1,stationary,Random,169.41,15.86,50
j10c5b1,stationary,RoundRobin,175.28,19.06,50
j10c5b1,stationary,ShortestQueue,180.72,21.03,50
j10c5b1,stationary,VanillaTS,178.52,20.89,50
j10c5c1,A070,CostMinimising,485.32,107.59,50
j10c5c1,A070,HBQ,201.46,27.32,50
j10c5c1,A070,LeastUtilised,217.32,29.33,50
j10c5c1,A070,Random,207.73,25.41,50
j10c5c1,A070,RoundRobin,215.02,25.65,50
j10c5c1,A070,ShortestQueue,211.65,24.7,50
j10c5c1,A070,VanillaTS,209.37,26.12,50
j10c5c1,A090,CostMinimising,303.01,38.45,50
j10c5c1,A090,HBQ,141.29,12.55,50
j10c5c1,A090,LeastUtilised,146.27,15.82,50
j10c5c1,A090,Random,146.67,14.61,50
j10c5c1,A090,RoundRobin,150.76,13.94,50
j10c5c1,A090,ShortestQueue,143.64,13.17,50
j10c5c1,A090,VanillaTS,149.61,14.75,50
j10c5c1,stationary,CostMinimising,239.49,16.67,50
j10c5c1,stationary,HBQ,123.36,7.5,50
j10c5c1,stationary,LeastUtilised,127.06,8.24,50
j10c5c1,stationary,Random,128.31,7.76,50
j10c5c1,stationary,RoundRobin,130.76,9.56,50
j10c5c1,stationary,ShortestQueue,125.68,7.76,50
j10c5c1,stationary,VanillaTS,128.76,8.43,50
j10c5d1,A070,CostMinimising,570.17,110.7,50
j10c5d1,A070,HBQ,205.24,25.93,50
j10c5d1,A070,LeastUtilised,244.47,56.83,50
j10c5d1,A070,Random,206.0,24.25,50
j10c5d1,A070,RoundRobin,229.99,34.59,50
j10c5d1,A070,ShortestQueue,250.6,60.63,50
j10c5d1,A070,VanillaTS,204.8,30.13,50
j10c5d1,A090,CostMinimising,339.47,34.86,50
j10c5d1,A090,HBQ,140.78,13.87,50
j10c5d1,A090,LeastUtilised,151.22,16.01,50
j10c5d1,A090,Random,144.64,12.63,50
j10c5d1,A090,RoundRobin,152.15,12.87,50
j10c5d1,A090,ShortestQueue,154.01,13.84,50
j10c5d1,A090,VanillaTS,140.64,11.48,50
j10c5d1,stationary,CostMinimising,284.97,22.28,50
j10c5d1,stationary,HBQ,123.32,9.46,50
j10c5d1,stationary,LeastUtilised,131.11,9.47,50
j10c5d1,stationary,Random,127.03,8.81,50
j10c5d1,stationary,RoundRobin,133.35,7.28,50
j10c5d1,stationary,ShortestQueue,128.4,7.72,50
j10c5d1,stationary,VanillaTS,124.89,8.24,50
j15c10a1,A070,CostMinimising,1905.42,703.74,50
j15c10a1,A070,HBQ,1054.68,374.82,50
j15c10a1,A070,LeastUtilised,1023.28,377.61,50
j15c10a1,A070,Random,1018.79,274.61,50
j15c10a1,A070,RoundRobin,1131.75,448.2,50
j15c10a1,A070,ShortestQueue,1023.28,377.61,50
j15c10a1,A070,VanillaTS,1067.43,405.26,50
j15c10a1,A090,CostMinimising,898.85,183.33,50
j15c10a1,A090,HBQ,632.05,131.12,50
j15c10a1,A090,LeastUtilised,604.51,121.67,50
j15c10a1,A090,Random,627.19,126.9,50
j15c10a1,A090,RoundRobin,628.46,136.49,50
j15c10a1,A090,ShortestQueue,604.51,121.67,50
j15c10a1,A090,VanillaTS,627.25,120.5,50
j15c10a1,stationary,CostMinimising,617.42,86.57,50
j15c10a1,stationary,HBQ,516.7,82.97,50
j15c10a1,stationary,LeastUtilised,500.99,67.72,50
j15c10a1,stationary,Random,533.49,120.22,50
j15c10a1,stationary,RoundRobin,519.13,96.87,50
j15c10a1,stationary,ShortestQueue,500.99,67.72,50
j15c10a1,stationary,VanillaTS,526.87,86.86,50
j15c10b1,A070,CostMinimising,1827.61,597.46,50
j15c10b1,A070,HBQ,930.19,291.94,50
j15c10b1,A070,LeastUtilised,942.24,204.92,50
j15c10b1,A070,Random,977.92,259.65,50
j15c10b1,A070,RoundRobin,1001.55,184.8,50
j15c10b1,A070,ShortestQueue,936.86,208.94,50
j15c10b1,A070,VanillaTS,961.3,227.88,50
j15c10b1,A090,CostMinimising,824.64,138.03,50
j15c10b1,A090,HBQ,564.89,85.64,50
j15c10b1,A090,LeastUtilised,560.0,83.99,50
j15c10b1,A090,Random,580.84,116.4,50
j15c10b1,A090,RoundRobin,584.91,82.45,50
j15c10b1,A090,ShortestQueue,559.1,81.42,50
j15c10b1,A090,VanillaTS,583.62,101.95,50
j15c10b1,stationary,CostMinimising,591.73,63.61,50
j15c10b1,stationary,HBQ,462.68,56.32,50
j15c10b1,stationary,LeastUtilised,458.91,62.37,50
j15c10b1,stationary,Random,469.8,61.8,50
j15c10b1,stationary,RoundRobin,466.97,48.24,50
j15c10b1,stationary,ShortestQueue,457.86,64.9,50
j15c10b1,stationary,VanillaTS,476.19,58.43,50
j15c5a1,A070,CostMinimising,379.51,86.08,50
j15c5a1,A070,HBQ,273.85,58.92,50
j15c5a1,A070,LeastUtilised,272.69,49.06,50
j15c5a1,A070,Random,268.25,39.77,50
j15c5a1,A070,RoundRobin,270.56,52.69,50
j15c5a1,A070,ShortestQueue,272.22,49.1,50
j15c5a1,A070,VanillaTS,279.95,59.45,50
j15c5a1,A090,CostMinimising,241.16,33.52,50
j15c5a1,A090,HBQ,200.9,27.2,50
j15c5a1,A090,LeastUtilised,199.41,25.84,50
j15c5a1,A090,Random,196.86,23.7,50
j15c5a1,A090,RoundRobin,203.36,27.02,50
j15c5a1,A090,ShortestQueue,198.25,25.93,50
j15c5a1,A090,VanillaTS,207.49,34.32,50
j15c5a1,stationary,CostMinimising,199.45,17.21,50
j15c5a1,stationary,HBQ,182.3,27.73,50
j15c5a1,stationary,LeastUtilised,181.02,21.9,50
j15c5a1,stationary,Random,188.05,28.89,50
j15c5a1,stationary,RoundRobin,180.74,21.51,50
j15c5a1,stationary,ShortestQueue,181.02,21.89,50
j15c5a1,stationary,VanillaTS,181.52,21.78,50
j15c5b1,A070,CostMinimising,391.78,87.75,50
j15c5b1,A070,HBQ,267.87,47.98,50
j15c5b1,A070,LeastUtilised,270.38,48.42,50
j15c5b1,A070,Random,264.51,49.69,50
j15c5b1,A070,RoundRobin,265.91,57.87,50
j15c5b1,A070,ShortestQueue,270.38,48.42,50
j15c5b1,A070,VanillaTS,263.44,51.75,50
j15c5b1,A090,CostMinimising,244.0,26.08,50
j15c5b1,A090,HBQ,193.33,24.89,50
j15c5b1,A090,LeastUtilised,192.34,21.11,50
j15c5b1,A090,Random,194.91,27.47,50
j15c5b1,A090,RoundRobin,193.32,27.8,50
j15c5b1,A090,ShortestQueue,192.2,20.97,50
j15c5b1,A090,VanillaTS,190.38,24.76,50
j15c5b1,stationary,CostMinimising,207.09,26.07,50
j15c5b1,stationary,HBQ,174.11,23.71,50
j15c5b1,stationary,LeastUtilised,173.79,18.02,50
j15c5b1,stationary,Random,171.55,17.72,50
j15c5b1,stationary,RoundRobin,170.72,20.58,50
j15c5b1,stationary,ShortestQueue,173.79,18.02,50
j15c5b1,stationary,VanillaTS,173.7,21.61,50
j15c5c1,A070,CostMinimising,500.45,95.44,50
j15c5c1,A070,HBQ,204.94,24.55,50
j15c5c1,A070,LeastUtilised,213.03,31.58,50
j15c5c1,A070,Random,203.05,24.73,50
j15c5c1,A070,RoundRobin,214.54,26.69,50
j15c5c1,A070,ShortestQueue,215.91,37.83,50
j15c5c1,A070,VanillaTS,206.35,23.01,50
j15c5c1,A090,CostMinimising,309.68,40.98,50
j15c5c1,A090,HBQ,138.58,12.77,50
j15c5c1,A090,LeastUtilised,142.77,12.02,50
j15c5c1,A090,Random,145.46,15.9,50
j15c5c1,A090,RoundRobin,150.67,13.53,50
j15c5c1,A090,ShortestQueue,143.96,12.73,50
j15c5c1,A090,VanillaTS,144.44,13.82,50
j15c5c1,stationary,CostMinimising,245.08,18.9,50
j15c5c1,stationary,HBQ,120.52,7.96,50
j15c5c1,stationary,LeastUtilised,129.79,10.4,50
j15c5c1,stationary,Random,123.93,8.48,50
j15c5c1,stationary,RoundRobin,129.82,8.79,50
j15c5c1,stationary,ShortestQueue,125.16,9.25,50
j15c5c1,stationary,VanillaTS,125.42,9.34,50
j15c5d1,A070,CostMinimising,354.13,70.52,50
j15c5d1,A070,HBQ,259.93,53.36,50
j15c5d1,A070,LeastUtilised,264.22,51.25,50
j15c5d1,A070,Random,267.32,55.67,50
j15c5d1,A070,RoundRobin,262.99,59.89,50
j15c5d1,A070,ShortestQueue,263.69,50.6,50
j15c5d1,A070,VanillaTS,262.09,46.64,50
j15c5d1,A090,CostMinimising,225.24,29.1,50
j15c5d1,A090,HBQ,192.83,30.63,50
j15c5d1,A090,LeastUtilised,191.52,21.2,50
j15c5d1,A090,Random,187.48,24.99,50
j15c5d1,A090,RoundRobin,194.1,23.12,50
j15c5d1,A090,ShortestQueue,192.99,21.26,50
j15c5d1,A090,VanillaTS,196.89,22.74,50
j15c5d1,stationary,CostMinimising,187.09,22.94,50
j15c5d1,stationary,HBQ,170.92,21.57,50
j15c5d1,stationary,LeastUtilised,174.67,20.02,50
j15c5d1,stationary,Random,170.36,20.47,50
j15c5d1,stationary,RoundRobin,168.16,20.24,50
j15c5d1,stationary,ShortestQueue,175.33,19.38,50
j15c5d1,stationary,VanillaTS,170.22,16.75,50
